id,number,number_in_sura,sura,start_aya,end_aya,aya_completed,juz,number_in_juz
QJ01,1,1,QS01,QA01,QA07,7,QJ01,1
QJ02,2,1,QS02,QA08,QA14,7,QJ01,1
QJ03,3,2,QS02,QA15,QA27,13,QJ01,2
QJ04,4,3,QS02,QA28,QA36,9,QJ01,3
QJ05,5,4,QS02,QA37,QA46,10,QJ01,4
QJ06,6,5,QS02,QA47,QA53,7,QJ01,5
QJ07,7,6,QS02,QA54,QA66,13,QJ01,6
QJ08,8,7,QS02,QA67,QA68,2,QJ01,7
QJ09,9,8,QS02,QA69,QA78,10,QJ01,8
QJ10,10,9,QS02,QA79,QA89,11,QJ01,9
QJ11,11,10,QS02,QA90,QA93,4,QJ01,10
QJ12,12,11,QS02,QA94,QA103,10,QJ01,11
QJ13,13,12,QS02,QA104,QA110,7,QJ01,12
QJ14,14,13,QS02,QA111,QA119,9,QJ01,13
QJ15,15,14,QS02,QA120,QA128,9,QJ01,14
QJ16,16,15,QS02,QA129,QA136,8,QJ01,15
QJ17,17,16,QS02,QA137,QA148,12,QJ01,16
QJ18,18,17,QS02,QA149,QA154,6,QJ02,1
QJ19,19,18,QS02,QA155,QA159,5,QJ02,2
QJ20,20,19,QS02,QA160,QA170,11,QJ02,3
QJ21,21,20,QS02,QA171,QA174,4,QJ02,4
QJ22,22,21,QS02,QA175,QA183,9,QJ02,5
QJ23,23,22,QS02,QA184,QA189,6,QJ02,6
QJ24,24,23,QS02,QA190,QA195,6,QJ02,7
QJ25,25,24,QS02,QA196,QA203,8,QJ02,8
QJ26,26,25,QS02,QA204,QA217,14,QJ02,9
QJ27,27,26,QS02,QA218,QA223,6,QJ02,10
QJ28,28,27,QS02,QA224,QA228,5,QJ02,11
QJ29,29,28,QS02,QA229,QA235,7,QJ02,12
QJ30,30,29,QS02,QA236,QA238,3,QJ02,13
QJ31,31,30,QS02,QA239,QA242,4,QJ02,14
QJ32,32,31,QS02,QA243,QA249,7,QJ02,15
QJ33,33,32,QS02,QA250,QA255,6,QJ02,16
QJ34,34,33,QS02,QA256,QA260,5,QJ03,1
QJ35,35,34,QS02,QA261,QA264,4,QJ03,2
QJ36,36,35,QS02,QA265,QA267,3,QJ03,3
QJ37,37,36,QS02,QA268,QA273,6,QJ03,4
QJ38,38,37,QS02,QA274,QA280,7,QJ03,5
QJ39,39,38,QS02,QA281,QA288,8,QJ03,6
QJ40,40,39,QS02,QA289,QA290,2,QJ03,7
QJ41,41,40,QS02,QA291,QA293,3,QJ03,8
QJ42,42,1,QS03,QA294,QA302,9,QJ03,9
QJ43,43,2,QS03,QA303,QA313,11,QJ03,10
QJ44,44,3,QS03,QA314,QA323,10,QJ03,11
QJ45,45,4,QS03,QA324,QA334,11,QJ03,12
QJ46,46,5,QS03,QA335,QA347,13,QJ03,13
QJ47,47,6,QS03,QA348,QA356,9,QJ03,14
QJ48,48,7,QS03,QA357,QA364,8,QJ03,15
QJ49,49,8,QS03,QA365,QA373,9,QJ03,16
QJ50,50,9,QS03,QA374,QA384,11,QJ03,17
QJ51,51,10,QS03,QA385,QA394,10,QJ04,1
QJ52,52,11,QS03,QA395,QA402,8,QJ04,2
QJ53,53,12,QS03,QA403,QA413,11,QJ04,3
QJ54,54,13,QS03,QA414,QA422,9,QJ04,4
QJ55,55,14,QS03,QA423,QA436,14,QJ04,5
QJ56,56,15,QS03,QA437,QA441,5,QJ04,6
QJ57,57,16,QS03,QA442,QA448,7,QJ04,7
QJ58,58,17,QS03,QA449,QA464,16,QJ04,8
QJ59,59,18,QS03,QA465,QA473,9,QJ04,9
QJ60,60,19,QS03,QA474,QA482,9,QJ04,10
QJ61,61,20,QS03,QA483,QA493,11,QJ04,11
QJ62,62,1,QS04,QA494,QA503,10,QJ04,12
QJ63,63,2,QS04,QA504,QA507,4,QJ04,13
QJ64,64,3,QS04,QA508,QA515,8,QJ04,14
QJ65,65,4,QS04,QA516,QA518,3,QJ05,1
QJ66,66,5,QS04,QA519,QA526,8,QJ05,2
QJ67,67,6,QS04,QA527,QA535,9,QJ05,3
QJ68,68,7,QS04,QA536,QA543,8,QJ05,4
QJ69,69,8,QS04,QA544,QA552,9,QJ05,5
QJ70,70,9,QS04,QA553,QA563,11,QJ05,6
QJ71,71,10,QS04,QA564,QA569,6,QJ05,7
QJ72,72,11,QS04,QA570,QA580,11,QJ05,8
QJ73,73,12,QS04,QA581,QA584,4,QJ05,9
QJ74,74,13,QS04,QA585,QA589,5,QJ05,10
QJ75,75,14,QS04,QA590,QA593,4,QJ05,11
QJ76,76,15,QS04,QA594,QA597,4,QJ05,12
QJ77,77,16,QS04,QA598,QA605,8,QJ05,13
QJ78,78,17,QS04,QA606,QA608,3,QJ05,14
QJ79,79,18,QS04,QA609,QA619,11,QJ05,15
QJ80,80,19,QS04,QA620,QA627,8,QJ05,16
QJ81,81,20,QS04,QA628,QA634,7,QJ05,17
QJ82,82,21,QS04,QA635,QA645,11,QJ06,1
QJ83,83,22,QS04,QA646,QA655,10,QJ06,2
QJ84,84,23,QS04,QA656,QA664,9,QJ06,3
QJ85,85,24,QS04,QA665,QA669,5,QJ06,4
QJ86,86,1,QS05,QA670,QA674,5,QJ06,5
QJ87,87,2,QS05,QA675,QA680,6,QJ06,6
QJ88,88,3,QS05,QA681,QA688,8,QJ06,7
QJ89,89,4,QS05,QA689,QA695,7,QJ06,8
QJ90,90,5,QS05,QA696,QA703,8,QJ06,9
QJ91,91,6,QS05,QA704,QA712,9,QJ06,10
QJ92,92,7,QS05,QA713,QA719,7,QJ06,11
QJ93,93,8,QS05,QA720,QA725,6,QJ06,12
QJ94,94,9,QS05,QA726,QA735,10,QJ06,13
QJ95,95,10,QS05,QA736,QA746,11,QJ06,14
QJ96,96,11,QS05,QA747,QA755,9,QJ07,1
QJ97,97,12,QS05,QA756,QA762,7,QJ07,2
QJ98,98,13,QS05,QA763,QA769,7,QJ07,3
QJ99,99,14,QS05,QA770,QA777,8,QJ07,4
QJ100,100,15,QS05,QA778,QA784,7,QJ07,5
QJ101,101,16,QS05,QA785,QA789,5,QJ07,6
QJ102,102,1,QS06,QA790,QA799,10,QJ07,7
QJ103,103,2,QS06,QA800,QA809,10,QJ07,8
QJ104,104,3,QS06,QA810,QA819,10,QJ07,9
QJ105,105,4,QS06,QA820,QA830,11,QJ07,10
QJ106,106,5,QS06,QA831,QA839,9,QJ07,11
QJ107,107,6,QS06,QA840,QA844,5,QJ07,12
QJ108,108,7,QS06,QA845,QA849,5,QJ07,13
QJ109,109,8,QS06,QA850,QA859,10,QJ07,14
QJ110,110,9,QS06,QA860,QA871,12,QJ07,15
QJ111,111,10,QS06,QA872,QA879,8,QJ07,16
QJ112,112,11,QS06,QA880,QA883,4,QJ07,17
QJ113,113,12,QS06,QA884,QA889,6,QJ07,18
QJ114,114,13,QS06,QA890,QA899,10,QJ07,19
QJ115,115,14,QS06,QA900,QA910,11,QJ08,1
QJ116,116,15,QS06,QA911,QA918,8,QJ08,2
QJ117,117,16,QS06,QA919,QA929,11,QJ08,3
QJ118,118,17,QS06,QA930,QA933,4,QJ08,4
QJ119,119,18,QS06,QA934,QA939,6,QJ08,5
QJ120,120,19,QS06,QA940,QA943,4,QJ08,6
QJ121,121,20,QS06,QA944,QA954,11,QJ08,7
QJ122,122,1,QS07,QA955,QA964,10,QJ08,8
QJ123,123,2,QS07,QA965,QA979,15,QJ08,9
QJ124,124,3,QS07,QA980,QA985,6,QJ08,10
QJ125,125,4,QS07,QA986,QA993,8,QJ08,11
QJ126,126,5,QS07,QA994,QA1001,8,QJ08,12
QJ127,127,6,QS07,QA1002,QA1007,6,QJ08,13
QJ128,128,7,QS07,QA1008,QA1012,5,QJ08,14
QJ129,129,8,QS07,QA1013,QA1018,6,QJ08,15
QJ130,130,9,QS07,QA1019,QA1026,8,QJ08,16
QJ131,131,10,QS07,QA1027,QA1038,12,QJ08,17
QJ132,132,11,QS07,QA1039,QA1047,9,QJ09,1
QJ133,133,12,QS07,QA1048,QA1053,6,QJ09,2
QJ134,134,13,QS07,QA1054,QA1062,9,QJ09,3
QJ135,135,14,QS07,QA1063,QA1080,18,QJ09,4
QJ136,136,15,QS07,QA1081,QA1083,3,QJ09,5
QJ137,137,16,QS07,QA1084,QA1095,12,QJ09,6
QJ138,138,17,QS07,QA1096,QA1101,6,QJ09,7
QJ139,139,18,QS07,QA1102,QA1105,4,QJ09,8
QJ140,140,19,QS07,QA1106,QA1111,6,QJ09,9
QJ141,141,20,QS07,QA1112,QA1116,5,QJ09,10
QJ142,142,21,QS07,QA1117,QA1125,9,QJ09,11
QJ143,143,22,QS07,QA1126,QA1135,10,QJ09,12
QJ144,144,23,QS07,QA1136,QA1142,7,QJ09,13
QJ145,145,24,QS07,QA1143,QA1160,18,QJ09,14
QJ146,146,1,QS08,QA1161,QA1170,10,QJ09,15
QJ147,147,2,QS08,QA1171,QA1179,9,QJ09,16
QJ148,148,3,QS08,QA1180,QA1188,9,QJ09,17
QJ149,149,4,QS08,QA1189,QA1197,9,QJ09,18
QJ150,150,5,QS08,QA1198,QA1204,7,QJ10,1
QJ151,151,6,QS08,QA1205,QA1208,4,QJ10,2
QJ152,152,7,QS08,QA1209,QA1218,10,QJ10,3
QJ153,153,8,QS08,QA1219,QA1224,6,QJ10,4
QJ154,154,9,QS08,QA1225,QA1229,5,QJ10,5
QJ155,155,10,QS08,QA1230,QA1235,6,QJ10,6
QJ156,156,1,QS09,QA1236,QA1241,6,QJ10,7
QJ157,157,2,QS09,QA1242,QA1251,10,QJ10,8
QJ158,158,3,QS09,QA1252,QA1259,8,QJ10,9
QJ159,159,4,QS09,QA1260,QA1264,5,QJ10,10
QJ160,160,5,QS09,QA1265,QA1272,8,QJ10,11
QJ161,161,6,QS09,QA1273,QA1277,5,QJ10,12
QJ162,162,7,QS09,QA1278,QA1294,17,QJ10,13
QJ163,163,8,QS09,QA1295,QA1301,7,QJ10,14
QJ164,164,9,QS09,QA1302,QA1307,6,QJ10,15
QJ165,165,10,QS09,QA1308,QA1315,8,QJ10,16
QJ166,166,11,QS09,QA1316,QA1324,9,QJ10,17
QJ167,167,12,QS09,QA1325,QA1334,10,QJ11,1
QJ168,168,13,QS09,QA1335,QA1345,11,QJ11,2
QJ169,169,14,QS09,QA1346,QA1353,8,QJ11,3
QJ170,170,15,QS09,QA1354,QA1357,4,QJ11,4
QJ171,171,16,QS09,QA1358,QA1364,7,QJ11,5
QJ172,172,1,QS10,QA1365,QA1374,10,QJ11,6
QJ173,173,2,QS10,QA1375,QA1384,10,QJ11,7
QJ174,174,3,QS10,QA1385,QA1394,10,QJ11,8
QJ175,175,4,QS10,QA1395,QA1404,10,QJ11,9
QJ176,176,5,QS10,QA1405,QA1417,13,QJ11,10
QJ177,177,6,QS10,QA1418,QA1424,7,QJ11,11
QJ178,178,7,QS10,QA1425,QA1434,10,QJ11,12
QJ179,179,8,QS10,QA1435,QA1446,12,QJ11,13
QJ180,180,9,QS10,QA1447,QA1456,10,QJ11,14
QJ181,181,10,QS10,QA1457,QA1467,11,QJ11,15
QJ182,182,11,QS10,QA1468,QA1473,6,QJ11,16
QJ183,183,1,QS11,QA1474,QA1481,8,QJ12,1
QJ184,184,2,QS11,QA1482,QA1497,16,QJ12,2
QJ185,185,3,QS11,QA1498,QA1508,11,QJ12,3
QJ186,186,4,QS11,QA1509,QA1522,14,QJ12,4
QJ187,187,5,QS11,QA1523,QA1533,11,QJ12,5
QJ188,188,6,QS11,QA1534,QA1541,8,QJ12,6
QJ189,189,7,QS11,QA1542,QA1556,15,QJ12,7
QJ190,190,8,QS11,QA1557,QA1568,12,QJ12,8
QJ191,191,9,QS11,QA1569,QA1582,14,QJ12,9
QJ192,192,10,QS11,QA1583,QA1596,14,QJ12,10
QJ193,193,1,QS12,QA1597,QA1602,6,QJ12,11
QJ194,194,2,QS12,QA1603,QA1616,14,QJ12,12
QJ195,195,3,QS12,QA1617,QA1625,9,QJ12,13
QJ196,196,4,QS12,QA1626,QA1631,6,QJ12,14
QJ197,197,5,QS12,QA1632,QA1638,7,QJ12,15
QJ198,198,6,QS12,QA1639,QA1645,7,QJ12,16
QJ199,199,7,QS12,QA1646,QA1653,8,QJ13,1
QJ200,200,8,QS12,QA1654,QA1664,11,QJ13,2
QJ201,201,9,QS12,QA1665,QA1675,11,QJ13,3
QJ202,202,10,QS12,QA1676,QA1689,14,QJ13,4
QJ203,203,11,QS12,QA1690,QA1700,11,QJ13,5
QJ204,204,12,QS12,QA1701,QA1707,7,QJ13,6
QJ205,205,1,QS13,QA1708,QA1714,7,QJ13,7
QJ206,206,2,QS13,QA1715,QA1725,11,QJ13,8
QJ207,207,3,QS13,QA1726,QA1733,8,QJ13,9
QJ208,208,4,QS13,QA1734,QA1738,5,QJ13,10
QJ209,209,5,QS13,QA1739,QA1744,6,QJ13,11
QJ210,210,6,QS13,QA1745,QA1750,6,QJ13,12
QJ211,211,1,QS14,QA1751,QA1756,6,QJ13,13
QJ212,212,2,QS14,QA1757,QA1762,6,QJ13,14
QJ213,213,3,QS14,QA1763,QA1771,9,QJ13,15
QJ214,214,4,QS14,QA1772,QA1777,6,QJ13,16
QJ215,215,5,QS14,QA1778,QA1784,7,QJ13,17
QJ216,216,6,QS14,QA1785,QA1791,7,QJ13,18
QJ217,217,7,QS14,QA1792,QA1802,11,QJ13,19
QJ218,218,1,QS15,QA1803,QA1817,15,QJ14,1
QJ219,219,2,QS15,QA1818,QA1827,10,QJ14,2
QJ220,220,3,QS15,QA1828,QA1846,19,QJ14,3
QJ221,221,4,QS15,QA1847,QA1862,16,QJ14,4
QJ222,222,5,QS15,QA1863,QA1881,19,QJ14,5
QJ223,223,6,QS15,QA1882,QA1901,20,QJ14,6
QJ224,224,1,QS16,QA1902,QA1910,9,QJ14,7
QJ225,225,2,QS16,QA1911,QA1922,12,QJ14,8
QJ226,226,3,QS16,QA1923,QA1926,4,QJ14,9
QJ227,227,4,QS16,QA1927,QA1935,9,QJ14,10
QJ228,228,5,QS16,QA1936,QA1941,6,QJ14,11
QJ229,229,6,QS16,QA1942,QA1951,10,QJ14,12
QJ230,230,7,QS16,QA1952,QA1961,10,QJ14,13
QJ231,231,8,QS16,QA1962,QA1966,5,QJ14,14
QJ232,232,9,QS16,QA1967,QA1971,5,QJ14,15
QJ233,233,10,QS16,QA1972,QA1977,6,QJ14,16
QJ234,234,11,QS16,QA1978,QA1984,7,QJ14,17
QJ235,235,12,QS16,QA1985,QA1990,6,QJ14,18
QJ236,236,13,QS16,QA1991,QA2001,11,QJ14,19
QJ237,237,14,QS16,QA2002,QA2011,10,QJ14,20
QJ238,238,15,QS16,QA2012,QA2020,9,QJ14,21
QJ239,239,16,QS16,QA2021,QA2029,9,QJ14,22
QJ240,240,1,QS17,QA2030,QA2039,10,QJ15,1
QJ241,241,2,QS17,QA2040,QA2051,12,QJ15,2
QJ242,242,3,QS17,QA2052,QA2059,8,QJ15,3
QJ243,243,4,QS17,QA2060,QA2069,10,QJ15,4
QJ244,244,5,QS17,QA2070,QA2081,12,QJ15,5
QJ245,245,6,QS17,QA2082,QA2089,8,QJ15,6
QJ246,246,7,QS17,QA2090,QA2099,10,QJ15,7
QJ247,247,8,QS17,QA2100,QA2106,7,QJ15,8
QJ248,248,9,QS17,QA2107,QA2113,7,QJ15,9
QJ249,249,10,QS17,QA2114,QA2122,9,QJ15,10
QJ250,250,11,QS17,QA2123,QA2129,7,QJ15,11
QJ251,251,12,QS17,QA2130,QA2140,11,QJ15,12
QJ252,252,1,QS18,QA2141,QA2152,12,QJ15,13
QJ253,253,2,QS18,QA2153,QA2157,5,QJ15,14
QJ254,254,3,QS18,QA2158,QA2162,5,QJ15,15
QJ255,255,4,QS18,QA2163,QA2171,9,QJ15,16
QJ256,256,5,QS18,QA2172,QA2184,13,QJ15,17
QJ257,257,6,QS18,QA2185,QA2189,5,QJ15,18
QJ258,258,7,QS18,QA2190,QA2193,4,QJ15,19
QJ259,259,8,QS18,QA2194,QA2199,6,QJ15,20
QJ260,260,9,QS18,QA2200,QA2210,11,QJ15,21
QJ261,261,10,QS18,QA2211,QA2222,12,QJ16,1
QJ262,262,11,QS18,QA2223,QA2241,19,QJ16,2
QJ263,263,12,QS18,QA2242,QA2250,9,QJ16,3
QJ264,264,1,QS19,QA2251,QA2265,15,QJ16,4
QJ265,265,2,QS19,QA2266,QA2290,25,QJ16,5
QJ266,266,3,QS19,QA2291,QA2300,10,QJ16,6
QJ267,267,4,QS19,QA2301,QA2315,15,QJ16,7
QJ268,268,5,QS19,QA2316,QA2332,17,QJ16,8
QJ269,269,6,QS19,QA2333,QA2348,16,QJ16,9
QJ270,270,1,QS20,QA2349,QA2372,24,QJ16,10
QJ271,271,2,QS20,QA2373,QA2402,30,QJ16,11
QJ272,272,3,QS20,QA2403,QA2424,22,QJ16,12
QJ273,273,4,QS20,QA2425,QA2437,13,QJ16,13
QJ274,274,5,QS20,QA2438,QA2452,15,QJ16,14
QJ275,275,6,QS20,QA2453,QA2463,11,QJ16,15
QJ276,276,7,QS20,QA2464,QA2476,13,QJ16,16
QJ277,277,8,QS20,QA2477,QA2483,7,QJ16,17
QJ278,278,1,QS21,QA2484,QA2493,10,QJ17,1
QJ279,279,2,QS21,QA2494,QA2512,19,QJ17,2
QJ280,280,3,QS21,QA2513,QA2524,12,QJ17,3
QJ281,281,4,QS21,QA2525,QA2533,9,QJ17,4
QJ282,282,5,QS21,QA2534,QA2558,25,QJ17,5
QJ283,283,6,QS21,QA2559,QA2576,18,QJ17,6
QJ284,284,7,QS21,QA2577,QA2595,19,QJ17,7
QJ285,285,1,QS22,QA2596,QA2605,10,QJ17,8
QJ286,286,2,QS22,QA2606,QA2617,12,QJ17,9
QJ287,287,3,QS22,QA2618,QA2620,3,QJ17,10
QJ288,288,4,QS22,QA2621,QA2628,8,QJ17,11
QJ289,289,5,QS22,QA2629,QA2633,5,QJ17,12
QJ290,290,6,QS22,QA2634,QA2643,10,QJ17,13
QJ291,291,7,QS22,QA2644,QA2652,9,QJ17,14
QJ292,292,8,QS22,QA2653,QA2659,7,QJ17,15
QJ293,293,9,QS22,QA2660,QA2667,8,QJ17,16
QJ294,294,10,QS22,QA2668,QA2673,6,QJ17,17
QJ295,295,1,QS23,QA2674,QA2695,22,QJ18,1
QJ296,296,2,QS23,QA2696,QA2705,10,QJ18,2
QJ297,297,3,QS23,QA2706,QA2723,18,QJ18,3
QJ298,298,4,QS23,QA2724,QA2750,27,QJ18,4
QJ299,299,5,QS23,QA2751,QA2765,15,QJ18,5
QJ300,300,6,QS23,QA2766,QA2791,26,QJ18,6
QJ301,301,1,QS24,QA2792,QA2801,10,QJ18,7
QJ302,302,2,QS24,QA2802,QA2811,10,QJ18,8
QJ303,303,3,QS24,QA2812,QA2817,6,QJ18,9
QJ304,304,4,QS24,QA2818,QA2825,8,QJ18,10
QJ305,305,5,QS24,QA2826,QA2831,6,QJ18,11
QJ306,306,6,QS24,QA2832,QA2841,10,QJ18,12
QJ307,307,7,QS24,QA2842,QA2848,7,QJ18,13
QJ308,308,8,QS24,QA2849,QA2852,4,QJ18,14
QJ309,309,9,QS24,QA2853,QA2855,3,QJ18,15
QJ310,310,1,QS25,QA2856,QA2864,9,QJ18,16
QJ311,311,2,QS25,QA2865,QA2875,11,QJ18,17
QJ312,312,3,QS25,QA2876,QA2889,14,QJ19,1
QJ313,313,4,QS25,QA2890,QA2899,10,QJ19,2
QJ314,314,5,QS25,QA2900,QA2915,16,QJ19,3
QJ315,315,6,QS25,QA2916,QA2932,17,QJ19,4
QJ316,316,1,QS26,QA2933,QA2941,9,QJ19,5
QJ317,317,2,QS26,QA2942,QA2965,24,QJ19,6
QJ318,318,3,QS26,QA2966,QA2984,19,QJ19,7
QJ319,319,4,QS26,QA2985,QA3001,17,QJ19,8
QJ320,320,5,QS26,QA3002,QA3036,35,QJ19,9
QJ321,321,6,QS26,QA3037,QA3054,18,QJ19,10
QJ322,322,7,QS26,QA3055,QA3072,18,QJ19,11
QJ323,323,8,QS26,QA3073,QA3091,19,QJ19,12
QJ324,324,9,QS26,QA3092,QA3107,16,QJ19,13
QJ325,325,10,QS26,QA3108,QA3123,16,QJ19,14
QJ326,326,11,QS26,QA3124,QA3159,36,QJ19,15
QJ327,327,1,QS27,QA3160,QA3173,14,QJ19,16
QJ328,328,2,QS27,QA3174,QA3190,17,QJ19,17
QJ329,329,3,QS27,QA3191,QA3203,13,QJ19,18
QJ330,330,4,QS27,QA3204,QA3217,14,QJ19,19
QJ331,331,5,QS27,QA3218,QA3225,8,QJ20,1
QJ332,332,6,QS27,QA3226,QA3241,16,QJ20,2
QJ333,333,7,QS27,QA3242,QA3252,11,QJ20,3
QJ334,334,1,QS28,QA3253,QA3265,13,QJ20,4
QJ335,335,2,QS28,QA3266,QA3273,8,QJ20,5
QJ336,336,3,QS28,QA3274,QA3280,7,QJ20,6
QJ337,337,4,QS28,QA3281,QA3294,14,QJ20,7
QJ338,338,5,QS28,QA3295,QA3302,8,QJ20,8
QJ339,339,6,QS28,QA3303,QA3312,10,QJ20,9
QJ340,340,7,QS28,QA3313,QA3327,15,QJ20,10
QJ341,341,8,QS28,QA3328,QA3340,13,QJ20,11
QJ342,342,1,QS29,QA3341,QA3353,13,QJ20,12
QJ343,343,2,QS29,QA3354,QA3362,9,QJ20,13
QJ344,344,3,QS29,QA3363,QA3370,8,QJ20,14
QJ345,345,4,QS29,QA3371,QA3384,14,QJ20,15
QJ346,346,5,QS29,QA3385,QA3391,7,QJ21,1
QJ347,347,6,QS29,QA3392,QA3403,12,QJ21,2
QJ348,348,7,QS29,QA3404,QA3409,6,QJ21,3
QJ349,349,1,QS30,QA3410,QA3419,10,QJ21,4
QJ350,350,2,QS30,QA3420,QA3428,9,QJ21,5
QJ351,351,3,QS30,QA3429,QA3436,8,QJ21,6
QJ352,352,4,QS30,QA3437,QA3449,13,QJ21,7
QJ353,353,5,QS30,QA3450,QA3462,13,QJ21,8
QJ354,354,6,QS30,QA3463,QA3469,7,QJ21,9
QJ355,355,1,QS31,QA3470,QA3480,11,QJ21,10
QJ356,356,2,QS31,QA3481,QA3488,8,QJ21,11
QJ357,357,3,QS31,QA3489,QA3503,15,QJ21,12
QJ358,358,1,QS32,QA3504,QA3514,11,QJ21,13
QJ359,359,2,QS32,QA3515,QA3525,11,QJ21,14
QJ360,360,3,QS32,QA3526,QA3533,8,QJ21,15
QJ361,361,1,QS33,QA3534,QA3541,8,QJ21,16
QJ362,362,2,QS33,QA3542,QA3553,12,QJ21,17
QJ363,363,3,QS33,QA3554,QA3560,7,QJ21,18
QJ364,364,4,QS33,QA3561,QA3567,7,QJ22,1
QJ365,365,5,QS33,QA3568,QA3573,6,QJ22,2
QJ366,366,6,QS33,QA3574,QA3585,12,QJ22,3
QJ367,367,7,QS33,QA3586,QA3591,6,QJ22,4
QJ368,368,8,QS33,QA3592,QA3601,10,QJ22,5
QJ369,369,9,QS33,QA3602,QA3606,5,QJ22,6
QJ370,370,1,QS34,QA3607,QA3615,9,QJ22,7
QJ371,371,2,QS34,QA3616,QA3627,12,QJ22,8
QJ372,372,3,QS34,QA3628,QA3636,9,QJ22,9
QJ373,373,4,QS34,QA3637,QA3642,6,QJ22,10
QJ374,374,5,QS34,QA3643,QA3651,9,QJ22,11
QJ375,375,6,QS34,QA3652,QA3660,9,QJ22,12
QJ376,376,1,QS35,QA3661,QA3667,7,QJ22,13
QJ377,377,2,QS35,QA3668,QA3674,7,QJ22,14
QJ378,378,3,QS35,QA3675,QA3686,12,QJ22,15
QJ379,379,4,QS35,QA3687,QA3697,11,QJ22,16
QJ380,380,5,QS35,QA3698,QA3705,8,QJ22,17
QJ381,381,1,QS36,QA3706,QA3717,12,QJ22,18
QJ382,382,2,QS36,QA3718,QA3737,20,QJ23,1
QJ383,383,3,QS36,QA3738,QA3755,18,QJ23,2
QJ384,384,4,QS36,QA3756,QA3772,17,QJ23,3
QJ385,385,5,QS36,QA3773,QA3788,16,QJ23,4
QJ386,386,1,QS37,QA3789,QA3809,21,QJ23,5
QJ387,387,2,QS37,QA3810,QA3862,53,QJ23,6
QJ388,388,3,QS37,QA3863,QA3901,39,QJ23,7
QJ389,389,4,QS37,QA3902,QA3926,25,QJ23,8
QJ390,390,5,QS37,QA3927,QA3970,44,QJ23,9
QJ391,391,1,QS38,QA3971,QA3984,14,QJ23,10
QJ392,392,2,QS38,QA3985,QA3996,12,QJ23,11
QJ393,393,3,QS38,QA3997,QA4010,14,QJ23,12
QJ394,394,4,QS38,QA4011,QA4034,24,QJ23,13
QJ395,395,5,QS38,QA4035,QA4058,24,QJ23,14
QJ396,396,1,QS39,QA4059,QA4067,9,QJ23,15
QJ397,397,2,QS39,QA4068,QA4079,12,QJ23,16
QJ398,398,3,QS39,QA4080,QA4089,10,QJ23,17
QJ399,399,4,QS39,QA4090,QA4099,10,QJ24,1
QJ400,400,5,QS39,QA4100,QA4110,11,QJ24,2
QJ401,401,6,QS39,QA4111,QA4121,11,QJ24,3
QJ402,402,7,QS39,QA4122,QA4128,7,QJ24,4
QJ403,403,8,QS39,QA4129,QA4133,5,QJ24,5
QJ404,404,1,QS40,QA4134,QA4142,9,QJ24,6
QJ405,405,2,QS40,QA4143,QA4153,11,QJ24,7
QJ406,406,3,QS40,QA4154,QA4160,7,QJ24,8
QJ407,407,4,QS40,QA4161,QA4170,10,QJ24,9
QJ408,408,5,QS40,QA4171,QA4183,13,QJ24,10
QJ409,409,6,QS40,QA4184,QA4193,10,QJ24,11
QJ410,410,7,QS40,QA4194,QA4201,8,QJ24,12
QJ411,411,8,QS40,QA4202,QA4211,10,QJ24,13
QJ412,412,9,QS40,QA4212,QA4218,7,QJ24,14
QJ413,413,1,QS41,QA4219,QA4226,8,QJ24,15
QJ414,414,2,QS41,QA4227,QA4236,10,QJ24,16
QJ415,415,3,QS41,QA4237,QA4243,7,QJ24,17
QJ416,416,4,QS41,QA4244,QA4250,7,QJ24,18
QJ417,417,5,QS41,QA4251,QA4262,12,QJ24,19
QJ418,418,6,QS41,QA4263,QA4272,10,QJ25,1
QJ419,419,1,QS42,QA4273,QA4281,9,QJ25,2
QJ420,420,2,QS42,QA4282,QA4291,10,QJ25,3
QJ421,421,3,QS42,QA4292,QA4301,10,QJ25,4
QJ422,422,4,QS42,QA4302,QA4315,14,QJ25,5
QJ423,423,5,QS42,QA4316,QA4325,10,QJ25,6
QJ424,424,1,QS43,QA4326,QA4340,15,QJ25,7
QJ425,425,2,QS43,QA4341,QA4350,10,QJ25,8
QJ426,426,3,QS43,QA4351,QA4360,10,QJ25,9
QJ427,427,4,QS43,QA4361,QA4370,10,QJ25,10
QJ428,428,5,QS43,QA4371,QA4381,11,QJ25,11
QJ429,429,6,QS43,QA4382,QA4392,11,QJ25,12
QJ430,430,7,QS43,QA4393,QA4414,22,QJ25,13
QJ431,431,1,QS44,QA4415,QA4443,29,QJ25,14
QJ432,432,2,QS44,QA4444,QA4456,13,QJ25,15
QJ433,433,3,QS44,QA4457,QA4473,17,QJ25,16
QJ434,434,1,QS45,QA4474,QA4484,11,QJ25,17
QJ435,435,2,QS45,QA4485,QA4494,10,QJ25,18
QJ436,436,3,QS45,QA4495,QA4499,5,QJ25,19
QJ437,437,4,QS45,QA4500,QA4510,11,QJ25,20
QJ438,438,1,QS46,QA4511,QA4520,10,QJ26,1
QJ439,439,2,QS46,QA4521,QA4530,10,QJ26,2
QJ440,440,3,QS46,QA4531,QA4536,6,QJ26,3
QJ441,441,4,QS46,QA4537,QA4545,9,QJ26,4
QJ442,442,1,QS47,QA4546,QA4556,11,QJ26,5
QJ443,443,2,QS47,QA4557,QA4564,8,QJ26,6
QJ444,444,3,QS47,QA4565,QA4573,9,QJ26,7
QJ445,445,4,QS47,QA4574,QA4583,10,QJ26,8
QJ446,446,1,QS48,QA4584,QA4593,10,QJ26,9
QJ447,447,2,QS48,QA4594,QA4600,7,QJ26,10
QJ448,448,3,QS48,QA4601,QA4609,9,QJ26,11
QJ449,449,4,QS48,QA4610,QA4612,3,QJ26,12
QJ450,450,1,QS49,QA4613,QA4622,10,QJ26,13
QJ451,451,2,QS49,QA4623,QA4630,8,QJ26,14
QJ452,452,1,QS50,QA4631,QA4645,15,QJ26,15
QJ453,453,2,QS50,QA4646,QA4659,14,QJ26,16
QJ454,454,3,QS50,QA4660,QA4675,16,QJ26,17
QJ455,455,1,QS51,QA4676,QA4698,23,QJ26,18
QJ456,456,2,QS51,QA4699,QA4721,23,QJ27,1
QJ457,457,3,QS51,QA4722,QA4735,14,QJ27,2
QJ458,458,1,QS52,QA4736,QA4763,28,QJ27,3
QJ459,459,2,QS52,QA4764,QA4784,21,QJ27,4
QJ460,460,1,QS53,QA4785,QA4809,25,QJ27,5
QJ461,461,2,QS53,QA4810,QA4816,7,QJ27,6
QJ462,462,3,QS53,QA4817,QA4846,30,QJ27,7
QJ463,463,1,QS54,QA4847,QA4868,22,QJ27,8
QJ464,464,2,QS54,QA4869,QA4886,18,QJ27,9
QJ465,465,3,QS54,QA4887,QA4901,15,QJ27,10
QJ466,466,1,QS55,QA4902,QA4926,25,QJ27,11
QJ467,467,2,QS55,QA4927,QA4946,20,QJ27,12
QJ468,468,3,QS55,QA4947,QA4979,33,QJ27,13
QJ469,469,1,QS56,QA4980,QA5017,38,QJ27,14
QJ470,470,2,QS56,QA5018,QA5053,36,QJ27,15
QJ471,471,3,QS56,QA5054,QA5075,22,QJ27,16
QJ472,472,1,QS57,QA5076,QA5085,10,QJ27,17
QJ473,473,2,QS57,QA5086,QA5094,9,QJ27,18
QJ474,474,3,QS57,QA5095,QA5100,6,QJ27,19
QJ475,475,4,QS57,QA5101,QA5104,4,QJ27,20
QJ476,476,1,QS58,QA5105,QA5110,6,QJ28,1
QJ477,477,2,QS58,QA5111,QA5117,7,QJ28,2
QJ478,478,3,QS58,QA5118,QA5126,9,QJ28,3
QJ479,479,1,QS59,QA5127,QA5136,10,QJ28,4
QJ480,480,2,QS59,QA5137,QA5143,7,QJ28,5
QJ481,481,3,QS59,QA5144,QA5150,7,QJ28,6
QJ482,482,1,QS60,QA5151,QA5156,6,QJ28,7
QJ483,483,2,QS60,QA5157,QA5163,7,QJ28,8
QJ484,484,1,QS61,QA5164,QA5172,9,QJ28,9
QJ485,485,2,QS61,QA5173,QA5177,5,QJ28,10
QJ486,486,1,QS62,QA5178,QA5185,8,QJ28,11
QJ487,487,2,QS62,QA5186,QA5188,3,QJ28,12
QJ488,488,1,QS63,QA5189,QA5196,8,QJ28,13
QJ489,489,2,QS63,QA5197,QA5199,3,QJ28,14
QJ490,490,1,QS64,QA5200,QA5209,10,QJ28,15
QJ491,491,2,QS64,QA5210,QA5217,8,QJ28,16
QJ492,492,1,QS65,QA5218,QA5224,7,QJ28,17
QJ493,493,2,QS65,QA5225,QA5229,5,QJ28,18
QJ494,494,1,QS66,QA5230,QA5236,7,QJ28,19
QJ495,495,2,QS66,QA5237,QA5241,5,QJ28,20
QJ496,496,1,QS67,QA5242,QA5255,14,QJ29,1
QJ497,497,2,QS67,QA5256,QA5271,16,QJ29,2
QJ498,498,1,QS68,QA5272,QA5304,33,QJ29,3
QJ499,499,2,QS68,QA5305,QA5323,19,QJ29,4
QJ500,500,1,QS69,QA5324,QA5360,37,QJ29,5
QJ501,501,2,QS69,QA5361,QA5375,15,QJ29,6
QJ502,502,1,QS70,QA5376,QA5410,35,QJ29,7
QJ503,503,2,QS70,QA5411,QA5419,9,QJ29,8
QJ504,504,1,QS71,QA5420,QA5439,20,QJ29,9
QJ505,505,2,QS71,QA5440,QA5447,8,QJ29,10
QJ506,506,1,QS72,QA5448,QA5466,19,QJ29,11
QJ507,507,2,QS72,QA5467,QA5475,9,QJ29,12
QJ508,508,1,QS73,QA5476,QA5494,19,QJ29,13
QJ509,509,2,QS73,QA5495,QA5495,1,QJ29,14
QJ510,510,1,QS74,QA5496,QA5526,31,QJ29,15
QJ511,511,2,QS74,QA5527,QA5551,25,QJ29,16
QJ512,512,1,QS75,QA5552,QA5581,30,QJ29,17
QJ513,513,2,QS75,QA5582,QA5591,10,QJ29,18
QJ514,514,1,QS76,QA5592,QA5613,22,QJ29,19
QJ515,515,2,QS76,QA5614,QA5622,9,QJ29,20
QJ516,516,1,QS77,QA5623,QA5662,40,QJ29,21
QJ517,517,2,QS77,QA5663,QA5672,10,QJ29,22
QJ518,518,1,QS78,QA5673,QA5702,30,QJ30,1
QJ519,519,2,QS78,QA5703,QA5712,10,QJ30,2
QJ520,520,1,QS79,QA5713,QA5738,26,QJ30,3
QJ521,521,2,QS79,QA5739,QA5758,20,QJ30,4
QJ522,522,1,QS80,QA5759,QA5800,42,QJ30,5
QJ523,523,1,QS81,QA5801,QA5829,29,QJ30,6
QJ524,524,1,QS82,QA5830,QA5848,19,QJ30,7
QJ525,525,1,QS83,QA5849,QA5884,36,QJ30,8
QJ526,526,1,QS84,QA5885,QA5909,25,QJ30,9
QJ527,527,1,QS85,QA5910,QA5931,22,QJ30,10
QJ528,528,1,QS86,QA5932,QA5948,17,QJ30,11
QJ529,529,1,QS87,QA5949,QA5967,19,QJ30,12
QJ530,530,1,QS88,QA5968,QA5993,26,QJ30,13
QJ531,531,1,QS89,QA5994,QA6023,30,QJ30,14
QJ532,532,1,QS90,QA6024,QA6043,20,QJ30,15
QJ533,533,1,QS91,QA6044,QA6058,15,QJ30,16
QJ534,534,1,QS92,QA6059,QA6079,21,QJ30,17
QJ535,535,1,QS93,QA6080,QA6090,11,QJ30,18
QJ536,536,1,QS94,QA6091,QA6098,8,QJ30,19
QJ537,537,1,QS95,QA6099,QA6106,8,QJ30,20
QJ538,538,1,QS96,QA6107,QA6125,19,QJ30,21
QJ539,539,1,QS97,QA6126,QA6130,5,QJ30,22
QJ540,540,1,QS98,QA6131,QA6138,8,QJ30,23
QJ541,541,1,QS99,QA6139,QA6146,8,QJ30,24
QJ542,542,1,QS100,QA6147,QA6157,11,QJ30,25
QJ543,543,1,QS101,QA6158,QA6168,11,QJ30,26
QJ544,544,1,QS102,QA6169,QA6176,8,QJ30,27
QJ545,545,1,QS103,QA6177,QA6179,3,QJ30,28
QJ546,546,1,QS104,QA6180,QA6188,9,QJ30,29
QJ547,547,1,QS105,QA6189,QA6193,5,QJ30,30
QJ548,548,1,QS106,QA6194,QA6197,4,QJ30,31
QJ549,549,1,QS107,QA6198,QA6204,7,QJ30,32
QJ550,550,1,QS108,QA6205,QA6207,3,QJ30,33
QJ551,551,1,QS109,QA6208,QA6213,6,QJ30,34
QJ552,552,1,QS110,QA6214,QA6216,3,QJ30,35
QJ553,553,1,QS111,QA6217,QA6221,5,QJ30,36
QJ554,554,1,QS112,QA6222,QA6225,4,QJ30,37
QJ555,555,1,QS113,QA6226,QA6230,5,QJ30,38
QJ556,556,1,QS114,QA6231,QA6236,6,QJ30,39
